{"cameraMode":{"drawMode":0,"name":"Shaded","section":"Shading Mode"},"sceneLighting":true,"audioPlay":false,"sceneViewState":{"showFog":true,"showMaterialUpdate":false,"showSkybox":true,"showFlares":true,"showImageEffects":true,"showParticleSystems":true},"in2DMode":false,"pivot":{"x":0.6915920376777649,"y":0.8746546506881714,"z":1.6302485466003419},"rotation":{"x":0.17410485446453095,"y":-0.6485835313796997,"z":0.15580397844314576,"w":0.7244479656219482},"size":10.553974151611329,"orthographic":false}